channel,mean_env,std_env,median_env,mad_env,is_dead,rms_threshold
emg1,7.7386290664553785,4.262226774016965,8.45209752428882,2.8290345704555113,0,11.311872850822864
emg2,5.890668209553037,3.387501753571481,5.796719546546065,2.207283282788285,0,8.627874966902324
emg3,7.261278478719678,3.9556095284941972,6.965215552893862,3.144755638299203,0,11.236114840669991
emg4,10.76755421643914,4.9120049990845285,10.567675391298351,3.2604602984373976,0,15.680666608603316
emg5,14.556522750745316,6.114240928529002,14.287748222605801,4.227528974076565,0,19.979954760469735
emg6,18.592272145155192,10.219148101869738,18.923819918902893,7.12163846911513,0,26.608497553381543
emg7,16.79672680507877,10.995290910993408,16.580809550290827,8.446657958703938,0,26.190452015140796
emg8,9.912130787414272,5.988358062008349,9.838641609220925,4.1495587345220635,0,15.116672765952098
