channel,mean_act,std_act,median_act,mad_act,is_dead,rms_threshold
emg1,0.5706112395561447,0.42145356554525054,0.5048745521848665,0.31697360442434264,0,0.8330198922402587
emg2,0.5625314803508491,0.4579879045155592,0.4619590686148036,0.28864344599260483,0,0.9521770420744818
emg3,0.6676782119028507,0.5594053362095224,0.5582567289257048,0.35028477201712876,0,0.9964989842428078
emg4,0.6781907600260584,0.5051891528948321,0.5803190425205509,0.3522845299258868,0,1.0242056975802072
emg5,0.6900627992502808,0.5352312250842983,0.6125880043658333,0.35245163765718945,0,1.0245673077537998
emg6,0.5889932256431027,0.44529729517361705,0.5401830901077864,0.3140414019387298,0,0.8756032553487416
emg7,0.6323707742170723,0.5223778148155335,0.5011061833959366,0.2983207966563585,0,1.0665947405789753
emg8,0.6233950868956373,0.43212254346424045,0.5503517280617148,0.3031643268149725,0,0.8785491891665275
