channel,mean,std,median,mad,is_dead,auto_threshold
emg1,0.8525874827625408,0.6874184955146683,0.6362205826204022,0.15846119458931904,0,1.7095172969426802
emg2,0.8105680641252857,0.6347427548054854,0.594655219988542,0.24388390685701225,0,1.6887752082968561
emg3,0.9673350023630118,0.834669034663367,0.6800520213379517,0.23041027942475703,0,1.6850905530449987
emg4,1.0005210868375327,0.8574403974502375,0.7860671367637182,0.2659129115397356,0,1.746098832963746
emg5,1.17392544230793,1.232815506462309,0.6818038563682807,0.2742394823124637,0,1.7588750523238956
emg6,1.4407235311673512,1.9713094745483832,0.6570172258787101,0.17183947890607873,0,1.578992165083332
emg7,1.3842022409391022,1.7686896882795076,0.6343088051798937,0.26192037449394007,0,2.1669163480786304
emg8,1.0151157616985433,0.9767140418699461,0.6698937160733336,0.21150751702322748,0,1.7282712982676967
