channel,mean_env,std_env,median_env,mad_env,is_dead,rms_threshold
emg1,2.5074647429637262,1.4509563232029898,2.278343608933548,0.9969536433377324,0,3.853244403188297
emg2,3.306620110388066,2.161423038406438,2.9824303946809976,1.397774348483599,0,5.139370904733434
emg3,4.461898535460518,2.5001937313446247,3.9398824215410477,1.2562922574362267,0,6.362482667219228
emg4,8.063477669457919,3.8377872423381527,8.290058736370455,2.2280931920260194,0,10.139847684380719
emg5,13.355369657993972,6.057251062329944,12.363088388013976,4.373327221158407,0,18.310623567957016
emg6,6.690910919374896,3.3927982341294274,6.30046934655192,2.554724351392435,0,9.676412862207812
emg7,2.6750263856006216,1.3236659635745,2.610232560532691,0.6327939376261988,0,3.803000009143303
emg8,2.3830339631461914,1.2840573809406381,2.1196390867744617,0.8274928143964206,0,3.538398392958068
