channel,mean_act,std_act,median_act,mad_act,is_dead,rms_threshold
emg1,1.4406083251597197,1.2791454156763145,1.0576913958628689,0.6553801469271348,0,2.5660114415047346
emg2,3.718775010321316,3.162782860568881,2.9598960220694885,1.6327833633582574,0,6.097900490501264
emg3,3.661552514538831,2.93493731143294,2.9680687636180885,1.9372606125194933,0,5.603767130918272
emg4,2.822976957590075,2.4343700182331225,2.1498357747291936,1.3020871693220963,0,4.249125054419123
emg5,1.8366607764898801,1.2997560957737397,1.6216400799883717,0.9701524947461417,0,2.804451629863551
emg6,1.8556963904379187,2.3324359244871324,1.1823502824095575,0.6993472972602695,0,2.7873780816780878
emg7,1.1623138731863483,1.0905341503572734,0.8793852485350869,0.5045038048581918,0,1.9480645180084084
emg8,0.9767634774715156,0.9612874099793146,0.7275350782226889,0.4251564572246038,0,1.5311435509185978
