channel,mean_env,std_env,median_env,mad_env,is_dead,rms_threshold
emg1,7.608339104310312,4.218040033644195,8.330654959416524,2.772591761024647,0,11.199601708401282
emg2,5.787324740865742,3.363997781868921,5.656628475119025,2.209828948121067,0,8.528419139497402
emg3,7.135304189310408,3.900385898511756,6.821332531634006,3.0707325078141445,0,11.045461492976123
emg4,10.563968245642629,4.885016787020434,10.195511162283527,3.31645249267196,0,15.557830761690074
emg5,14.325012594843148,6.11809387775228,14.168195383229328,4.197888108019377,0,19.267607239239624
emg6,18.24649065157869,10.148528717968526,18.467020473200016,7.078691736977483,0,26.540805939561437
emg7,16.496209480957926,10.865083707596668,16.353587346372002,8.424486861612184,0,25.479606943792252
emg8,9.723708521167852,5.921145177842016,9.714880141227,4.086364904516764,0,15.187747877361303
