channel,mean_env,std_env,median_env,mad_env,is_dead,rms_threshold
emg1,0.5550692607299165,0.20516346621116097,0.5690324481561134,0.13077620808081097,0,0.6745393156733411
emg2,0.5454379459909315,0.2734848484743286,0.4611349319602782,0.1390533986931909,0,0.8165730066370996
emg3,0.6801845457705584,0.3687977760667285,0.5956486127021561,0.12672736709026175,0,0.783682546992597
emg4,0.6768296861717125,0.24996222459998632,0.6857468616619269,0.1877235036803757,0,0.8669337263518246
emg5,0.7591537705850648,0.5479486957191738,0.6184002749539943,0.1716038820391305,0,0.8731059951650761
emg6,0.5942216809421632,0.22305562801832912,0.6125281095941412,0.09922257157650327,0,0.7050058162820433
emg7,0.6441051193846393,0.2956758766378257,0.5640517067839546,0.14652422070559007,0,0.8923702335704649
emg8,0.6338648680881758,0.25136118284097536,0.5866536005808256,0.1312911109908792,0,0.7808848182507714
