channel,mean_env,std_env,median_env,mad_env,is_dead,rms_threshold
emg1,1.48538295845045,1.0388146163263763,1.1874165583388374,0.41023533074709395,0,2.244406513663022
emg2,1.3573920895741665,0.8669172348780502,0.9956861852795682,0.4709686269963967,0,2.2940865536464545
emg3,1.3859385027652047,0.8323323694374594,1.0836346496119846,0.45525986945238184,0,2.444947782365775
emg4,1.3368944847397946,0.7964790065192475,1.069069157780545,0.4276735329369892,0,2.128653610969433
emg5,1.7716265208524027,1.352963912906862,1.2959989572096293,0.7354490536478373,0,2.6258582050633468
emg6,2.552398052857963,2.1991853965440793,1.5850218038610264,0.834752404038233,0,3.6224562291859357
emg7,1.83881805882204,1.5700754633133813,1.3322811311249714,0.744531891575582,0,2.969348753394339
emg8,1.498334655956097,1.1942426529286774,1.1073319587796966,0.41280469204819636,0,2.465592510498948
