channel,mean_env,std_env,median_env,mad_env,is_dead,rms_threshold
emg1,1.3153800008322856,0.9430612023196498,1.0544579418432618,0.35877755115230303,0,1.8344262171176076
emg2,3.9067687842029315,3.710006400357783,2.68908995820507,1.7381365448482406,0,5.567476780454598
emg3,6.525381907115145,5.393321317046218,4.581642423715431,3.5407725263032024,0,10.199692243819714
emg4,1.8284369430537994,1.009379768395224,1.6089889415510008,0.4279885819785839,0,2.2902266521353747
emg5,2.739868512101049,1.7256679302652862,2.200335213169803,0.9452649175826423,0,3.6975698892081956
emg6,3.5629405575641035,2.0845522404336516,3.272330208370523,1.3708775226392302,0,4.890216425461096
emg7,1.5928398585598045,0.8951997098841771,1.340003863844211,0.6083419853685667,0,2.3832020441933284
emg8,1.7375505935038666,1.9581405009748845,1.1560720491955376,0.49183030805068395,0,1.9602661775973422
