channel,mean_env,std_env,median_env,mad_env,is_dead,rms_threshold
emg1,2.4633166767541868,1.434323740257991,2.225967840148797,0.9744770135000459,0,3.8335218338569974
emg2,3.2393539214851366,2.145086049691414,2.901794216171365,1.3498115796968886,0,5.172449200987803
emg3,4.388877744518987,2.482652451251,3.8531282399619835,1.2107046923227065,0,6.255485060175207
emg4,7.899900628891305,3.7581894963934857,8.169173260994453,2.179461864222662,0,9.87869524579117
emg5,13.168427135356144,6.045193285158139,12.113772767160988,4.396658166193484,0,18.13944234803225
emg6,6.581636544248594,3.388283637098429,6.175350075478223,2.4939808286554004,0,9.485438362863832
emg7,2.6259511990587057,1.302287770256045,2.5822341073601307,0.6361440154517084,0,3.8728826241346024
emg8,2.336979014401046,1.2717573429719535,2.081232900960786,0.8220091273958391,0,3.5157275473224945
