channel,mean_env,std_env,median_env,mad_env,is_dead,rms_threshold
emg1,3.6788114287847304,3.5735730817866,1.9039938821114157,1.4302144677121906,0,7.963499638872921
emg2,5.90278784798962,5.546453015028006,3.8884086520134256,2.2994721984649935,0,9.572861100732101
emg3,4.527731299226824,4.531679526300666,3.5307420229836337,2.1296894078963406,0,7.274066696063491
emg4,2.6419382851643785,2.0817372750748677,1.9301725573560151,0.800329791674236,0,3.5078105774674277
emg5,1.826355451814195,1.01666534859706,1.8139723544151312,0.8460836608080355,0,2.8439700387017735
emg6,1.7565397083561405,1.051670817734676,1.533536571076945,0.6314802294153847,0,2.9521609812216347
emg7,1.5007018933220193,0.7713639332573266,1.278196165338365,0.5116505478119506,0,2.304743813346578
emg8,3.311166374441483,3.3068400548689443,2.19421113593113,1.6729424815819516,0,6.96269017763684
