channel,mean_env,std_env,median_env,mad_env,is_dead,rms_threshold
emg1,1.2053026521019041,0.67999625307973,1.124006545337638,0.5599988869982875,0,1.9823157110799237
emg2,0.9977433633813414,0.5432322893452585,0.8949083409043496,0.37949917450764764,0,1.67718807099556
emg3,1.1081989711904539,0.6042138374921802,0.9840725587449679,0.47666313410808697,0,1.8609503051157326
emg4,1.1704301626002704,0.6592137166340261,0.962318479046419,0.4194455493172321,0,1.8312081846163337
emg5,1.2674550137580791,0.9474933052416813,0.7797523366343204,0.5127564197316271,0,1.780897116981158
emg6,1.7461553515739432,1.6512395800611883,1.095139730851086,0.5760509701734323,0,2.416128990116192
emg7,2.085064086024013,1.7086903718881414,1.358627838814784,0.7425866180010838,0,2.7805636492080112
emg8,1.4320318641207825,1.0138706159069912,1.1092942299779294,0.31247232814725845,0,1.5425621842243742
