channel,mean_env,std_env,median_env,mad_env,is_dead,rms_threshold
emg1,1.5165675348616023,1.0695821814831983,1.1978369722716753,0.4275871700750686,0,2.2658597744540376
emg2,1.3886866473542472,0.8875536907516655,1.0180035851274183,0.48504648972587167,0,2.432366949794637
emg3,1.4235624517621093,0.8609727415894174,1.0987793590115138,0.46982373550270146,0,2.474586479754591
emg4,1.3704629176967076,0.8150710578249624,1.114183856296636,0.4440289597787601,0,2.2336163358524415
emg5,1.8185709309340397,1.4044104407748892,1.3334289057486348,0.7565402416894556,0,2.7645959410929963
emg6,2.6225080765505537,2.2686188179414937,1.6454559303257503,0.8979334782412394,0,4.117155858280171
emg7,1.9025936005695097,1.6348744114699738,1.3723529388532225,0.7685058181969736,0,3.056537499793082
emg8,1.5389988677448518,1.2306184543326057,1.133204029808836,0.44167417887976057,0,2.5336899995423154
