channel,mean_env,std_env,median_env,mad_env,is_dead,rms_threshold
emg1,3.4481494351536695,4.042170460394647,1.7747335901654537,1.323872556725612,0,5.6670990880586745
emg2,4.518075923571893,2.406558117550135,3.7279190818849575,1.6119106058225323,0,6.9224460971129265
emg3,4.75140071028927,3.657600742854307,3.395702745799446,1.4792795371392553,0,5.762537579284459
emg4,2.779174087583201,2.0974084909311985,2.127383444341584,0.8128715378051522,0,3.375143877385946
emg5,2.830077598814237,2.3195950205432645,1.8801193435737873,1.075838360758198,0,3.9615902118271755
emg6,3.536564773893471,4.151415138695968,1.8500315775920244,1.1634896922704479,0,4.426552941448479
emg7,2.391441144119057,2.994564302805901,1.4022615611674099,0.7916749150092848,0,3.2421740185306023
emg8,1.1720037513909838,0.9574744710996046,0.7985687377887205,0.30074189015600095,0,1.6965215346901237
