channel,mean_env,std_env,median_env,mad_env,is_dead,rms_threshold
emg1,1.2046735685526677,0.6894616935832858,1.0948087681659957,0.5223631468447881,0,2.0691774172564767
emg2,1.0190363692398339,0.5414469897802197,0.9212471661380224,0.382911323295833,0,1.7054476586632579
emg3,1.1255717036429147,0.6143185322620779,1.0155299343962123,0.4866990636225566,0,1.8710139709678035
emg4,1.196478663305281,0.668722593236203,1.0173469068411336,0.4423630652541108,0,1.844643996959967
emg5,1.275139209589422,0.9861312760893471,0.7948163189395367,0.5244619995852623,0,1.934041239363861
emg6,1.7773898655489004,1.668373589613311,1.1109752713075167,0.5857574116687314,0,2.483290735860304
emg7,2.112063932730254,1.7326438572597143,1.3340022192395076,0.7057963554700803,0,2.726686080864998
emg8,1.4556289406716865,1.0367338952560647,1.1466429055034792,0.34944801941041187,0,1.5560651752848607
