channel,mean_env,std_env,median_env,mad_env,is_dead,rms_threshold
emg1,2.326031459117018,1.2427949690002995,2.0799520325576926,0.777995072391023,0,2.8422437563642466
emg2,3.333756796736495,1.9240127884023206,3.0358998843082787,1.2183924749244408,0,4.417965399124011
emg3,4.146906747351658,2.313679876162075,3.6754894292137994,1.3301334498096724,0,5.391340126417852
emg4,7.2450559105208585,3.441680435568142,7.152154927886553,2.2711647981298464,0,9.585414206704701
emg5,11.740874919377907,5.51413122796491,11.19979818764325,3.6895242192830144,0,14.915503294198372
emg6,6.119246132490409,3.0574370530288077,5.687021043220829,2.1170684262536628,0,7.852616519879505
emg7,2.546724298525457,1.1764420431046325,2.480000264638563,0.5854905943712114,0,3.175655575834968
emg8,2.2155112439658784,1.1162850190090898,1.9286903386977778,0.7005156366093375,0,2.557160202847711
