channel,mean_env,std_env,median_env,mad_env,is_dead,rms_threshold
emg1,8.964602271661,4.356179964808565,9.261250056951685,2.3695254159327,0,11.103147057445563
emg2,7.597015345784388,4.171449486194601,7.375684372959322,2.750418884060902,0,9.59676443185391
emg3,7.9001236405197055,3.658881880946069,7.911957528238895,2.9018494318275927,0,11.259079553731546
emg4,9.919972864857863,4.812859450016211,9.334233469855283,3.2795871349418366,0,12.507944230009942
emg5,14.272333616833272,6.281208943201877,13.916833805280007,4.528880261745859,0,18.239608719049183
emg6,21.52888298676029,10.727790252667871,21.550439953666213,7.1796810566611295,0,27.88722353407085
emg7,19.904400987378075,11.2616385728827,19.913013578625684,6.831999227291281,0,28.367450485045502
emg8,11.46350450879707,6.374344278400619,11.461339843607503,4.394590391293843,0,15.97240773020538
