channel,mean_env,std_env,median_env,mad_env,is_dead,rms_threshold
emg1,0.9259339936630739,0.42957479562693396,0.9030038405022052,0.2944274771256925,0,1.277441120367612
emg2,1.0774182991445738,0.4556122858943013,1.075751685034478,0.36236312291970585,0,1.4112793749479906
emg3,1.6353629509554017,0.5983481248090006,1.6260652231974635,0.3613166468526594,0,2.0062740058817554
emg4,3.134217518533113,1.4094132865930373,2.9218924003352327,0.9241899767120185,0,4.4809827030001905
emg5,7.009120470652957,3.621961642895352,6.563502221945948,2.082014401223412,0,9.22862249612728
emg6,4.394875816818941,2.2300984146683156,3.8553288083529758,1.2318402507913326,0,5.722059749785152
emg7,1.1628893612134896,0.46630895078452494,1.1779172029685159,0.3044292104750774,0,1.471204221856988
emg8,0.9449258222388061,0.48936162981491466,0.9080853302424914,0.3217777518157999,0,1.3551982894273782
