channel,mean_env,std_env,median_env,mad_env,is_dead,rms_threshold
emg1,0.5660996762991057,0.20616683484515813,0.5813193380139456,0.1322410124727353,0,0.6901438316067271
emg2,0.5590004133099444,0.2751468410110631,0.47696355296495985,0.13929132751259904,0,0.8223881991272403
emg3,0.6577779717709389,0.2773182389252234,0.596265397929922,0.1270067501991592,0,0.7828081451550258
emg4,0.6777004707813867,0.25689321843600943,0.6679285327775023,0.18874099026568852,0,0.8696485038998147
emg5,0.6943152271064934,0.3263204986772034,0.6507771694240483,0.16329674958521256,0,0.9110583214504365
emg6,0.5869525218118378,0.2269924432570569,0.611309734567216,0.113558912450654,0,0.7245920052784158
emg7,0.630728541894492,0.2812046831574771,0.5564815655976367,0.15196680818169372,0,0.8656219922732742
emg8,0.6214992024239282,0.20282021333236033,0.6082634674862595,0.12707783766308525,0,0.7729870423858355
