channel,mean_env,std_env,median_env,mad_env,is_dead,rms_threshold
emg1,1.4314099724179055,0.7897015668277225,1.3272212563645505,0.5612973662330647,0,1.9890411614271892
emg2,3.717272656112291,1.7253349595828567,3.2550004093087415,0.8677014585960552,0,5.261648432120081
emg3,3.6362468657874807,1.3683888437677916,3.4636051287430862,1.0391683095151576,0,4.503020615399657
emg4,2.8164034551379618,1.3187964876982994,2.458365125832458,0.64730873242891,0,3.3641941910353563
emg5,1.828975266392009,0.7147922603269694,1.7892851295381507,0.540579769024833,0,2.5464990498968914
emg6,1.8551710724628172,1.6126666524422726,1.239216901641906,0.5545035418755813,0,2.166395163663977
emg7,1.15895709648426,0.7434966997518104,0.9609494909995286,0.39505206065163345,0,1.7150058983308023
emg8,0.9776150414647096,0.5849851819922334,0.840036917453445,0.3309243444133765,0,1.2762926238994308
