channel,mean_env,std_env,median_env,mad_env,is_dead,rms_threshold
emg1,1.9253307293597806,1.7012047862879878,1.0695234820605226,0.5120297083324721,0,2.0710622716283957
emg2,6.0495961691964,4.21876956956215,4.941415191335425,3.0474461156062165,0,10.2141334349862
emg3,4.001767466405673,2.435753350093451,3.0387523570701926,1.3491446550472703,0,6.340717032995119
emg4,2.755587078757219,1.706814907410909,2.3020953862466533,1.0824264394422962,0,4.552466536559519
emg5,1.831692300343807,0.7315630647635671,1.7879869274035434,0.5336183286062512,0,2.3477896245249505
emg6,1.897659945677295,1.2567754863315166,1.6756474663910685,0.8562691977395958,0,3.3730251115125696
emg7,1.2813230249146954,0.6597403765458328,1.1379491500990702,0.29158104546711844,0,1.7405352935651095
emg8,3.459916031308764,3.6875760974837855,1.2504447367141327,0.7861582951853621,0,3.357814763891378
