channel,mean,std,median,mad,is_dead,auto_threshold
emg1,1.265023352636454,0.8149269346266909,1.05891618615729,0.44767225389840537,0,1.8030672579167044
emg2,1.5064685795528279,0.9787923643185134,1.2387539128009726,0.5210966621673958,0,1.8052363771744797
emg3,2.4300169637772204,1.8014434445024605,1.8303333789923704,0.6126872815626193,0,1.7970501830709256
emg4,3.835404952426883,2.1981901490645677,3.437884603513001,1.2625232430353805,0,1.8311280725501862
emg5,8.272733741404148,4.898634537298117,7.239054726376558,1.965233288910405,0,1.6530266933287818
emg6,5.258444725606274,3.21272984363402,4.517449352273765,1.4031600669023687,0,1.8876532401989883
emg7,1.6315345280178009,1.1197826221765055,1.332066412146116,0.40456557738879706,0,1.7271193357678132
emg8,1.2631557274963516,0.8223811414675012,1.0662340648163107,0.4281002360970262,0,1.722097909797066
