channel,mean_env,std_env,median_env,mad_env,is_dead,rms_threshold
emg1,0.939034435229426,0.43599852993890087,0.9119759132131107,0.3020853951075483,0,1.2992657631717608
emg2,1.0966328014585938,0.4625354004324478,1.1152996827378285,0.35869915344248604,0,1.4294746680511594
emg3,1.6712060356837763,0.6021604762510833,1.6570723583048015,0.3658946782906439,0,2.048363771639276
emg4,3.202850533715014,1.4468008818992308,2.994800730078863,0.9538845839344225,0,4.529758827558257
emg5,7.145909549104959,3.668873998056811,6.741467767318712,2.042129671313539,0,9.337946874596534
emg6,4.454030003122288,2.2697051413028206,3.8661629767369057,1.2260441283418597,0,5.747243733623922
emg7,1.1899602725064182,0.4710681511925209,1.2078653550302119,0.3125002846498065,0,1.523758298449525
emg8,0.9608510209055657,0.49055835256522623,0.9183399884905097,0.3216105206703357,0,1.3929701116202178
