channel,mean_env,std_env,median_env,mad_env,is_dead,rms_threshold
emg1,6.507706233136225,7.033349906797703,1.7156392251871149,1.4043014279110606,0,8.443622939914228
emg2,13.710036131382763,15.277629322850233,3.3233125657112543,2.899850063185578,0,11.744588227852821
emg3,12.530777322663534,14.20217526093493,4.055472732836153,3.509251071135343,0,13.448053343936358
emg4,4.123658827589226,3.932511612558839,1.8491532657892553,1.4121612628395654,0,3.624349693546582
emg5,3.191655793108995,3.155243114804298,1.408128712362729,0.9979725758414706,0,2.812275224563523
emg6,4.277179296531622,5.793923176543465,1.4261826246386438,0.8798634455747444,0,2.9823884505046205
emg7,4.3736808083471885,4.090218293428766,2.4923891616701765,1.3622303443789403,0,5.252518095773894
emg8,13.970383037551695,16.673360558900978,3.391453073713568,2.974403242389986,0,14.116465218347752
