channel,mean_env,std_env,median_env,mad_env,is_dead,rms_threshold
emg1,2.181882620790197,2.226137504316093,1.11075682408915,0.5366363121879655,0,2.1033765224875394
emg2,4.880202348728105,5.053454802957012,2.679428381394434,1.3493019734543132,0,5.24139916181998
emg3,2.7843292896425735,2.4652105627687235,1.5740148708154162,0.7653189422737652,0,3.457341713692281
emg4,1.747615531588761,1.155337752770764,1.4398335751453093,0.5641275105450692,0,2.509044295486308
emg5,2.0500086666015394,0.8769803449998187,1.8612748855226653,0.5856612110648937,0,2.8327716395025186
emg6,5.77200999066653,3.5536729956630033,4.611384091318875,2.308944374244068,0,9.674465911076696
emg7,2.8348554738210354,2.016658996487474,2.3212867016965317,1.0714240595661686,0,4.389983993895429
emg8,1.8219169450758752,1.4406870038472528,1.2747061694182973,0.6894359757279979,0,2.561702300741824
